model_id,model_type,language,weat_category_id,layer_idx,combined_effect_size,variance,tau_squared,i_squared,q_statistic,confidence_interval_lower,confidence_interval_upper,z_score,p_value_two_tailed,p_value_one_tailed,significant_05,significant_01,n_templates,between_context_variance,context_consistency,max_context_difference,total_sentences_generated,total_words,comments
Debk/gemma-2b-finetuned-alpaca-hindi-bengali_full,hindi_bengali_finetuned,en,WEAT1,0,0.630892,0.005248802,0.0,0.0,0.011204164,0.48889530994220665,0.7728886475391776,8.708131,0.0,0.0,True,True,16,5.856942e-05,0.9878696,0.03161621,1600,100,Enhanced_CEAT_hindi_bengali_finetuned_en_WEAT1_layer0
Debk/gemma-2b-finetuned-alpaca-hindi-bengali_full,hindi_bengali_finetuned,en,WEAT1,1,1.3277806,0.0061023417,0.0,0.0,0.12222694,1.174673137762887,1.4808880709620886,16.997225,0.0,0.0,True,True,16,0.0007358212,0.9795735,0.115965486,1600,100,Enhanced_CEAT_hindi_bengali_finetuned_en_WEAT1_layer1
Debk/gemma-2b-finetuned-alpaca-hindi-bengali_full,hindi_bengali_finetuned,en,WEAT1,2,1.3573354,0.0061518606,0.0,0.0,0.10047194,1.203608031438038,1.5110628650921134,17.305492,0.0,0.0,True,True,16,0.00061760616,0.98169315,0.07796502,1600,100,Enhanced_CEAT_hindi_bengali_finetuned_en_WEAT1_layer2
Debk/gemma-2b-finetuned-alpaca-hindi-bengali_full,hindi_bengali_finetuned,en,WEAT1,3,1.3910153,0.006210092,0.0,0.0,0.19695057,1.2365620241489297,1.5454685582790488,17.651552,0.0,0.0,True,True,16,0.0012240089,0.9748549,0.10351133,1600,100,Enhanced_CEAT_hindi_bengali_finetuned_en_WEAT1_layer3
Debk/gemma-2b-finetuned-alpaca-hindi-bengali_full,hindi_bengali_finetuned,en,WEAT1,4,1.4833895,0.006375819,0.0,0.0,0.1360349,1.326888863606945,1.6398901299996225,18.577497,0.0,0.0,True,True,16,0.0008704365,0.9801144,0.09234691,1600,100,Enhanced_CEAT_hindi_bengali_finetuned_en_WEAT1_layer4
Debk/gemma-2b-finetuned-alpaca-hindi-bengali_full,hindi_bengali_finetuned,en,WEAT1,5,1.5139555,0.0064330925,0.0,0.0,0.13792302,1.356753508683596,1.6711574391160866,18.875708,0.0,0.0,True,True,16,0.00089506066,0.98024225,0.0955745,1600,100,Enhanced_CEAT_hindi_bengali_finetuned_en_WEAT1_layer5
Debk/gemma-2b-finetuned-alpaca-hindi-bengali_full,hindi_bengali_finetuned,en,WEAT1,6,1.5086327,0.006423874,0.0,0.0,0.3465422,1.351543370437959,1.6657219493862598,18.822834,0.0,0.0,True,True,16,0.0022430487,0.9686205,0.14807451,1600,100,Enhanced_CEAT_hindi_bengali_finetuned_en_WEAT1_layer6
Debk/gemma-2b-finetuned-alpaca-hindi-bengali_full,hindi_bengali_finetuned,en,WEAT1,7,1.5114512,0.0064289966,0.0,0.0,0.2971109,1.354299323172238,1.668603165536258,18.850485,0.0,0.0,True,True,16,0.001922609,0.9710006,0.13389349,1600,100,Enhanced_CEAT_hindi_bengali_finetuned_en_WEAT1_layer7
Debk/gemma-2b-finetuned-alpaca-hindi-bengali_full,hindi_bengali_finetuned,en,WEAT1,8,1.5213261,0.006448036,0.0,0.0,0.37595,1.363941622388286,1.678710507738667,18.94561,0.0,0.0,True,True,16,0.002436327,0.9675705,0.14079452,1600,100,Enhanced_CEAT_hindi_bengali_finetuned_en_WEAT1_layer8
Debk/gemma-2b-finetuned-alpaca-hindi-bengali_full,hindi_bengali_finetuned,en,WEAT1,9,1.5013884,0.0064105415,0.0,0.0,0.4213465,1.3444622405721884,1.6583146206186075,18.751919,0.0,0.0,True,True,16,0.0027232964,0.9652605,0.1411866,1600,100,Enhanced_CEAT_hindi_bengali_finetuned_en_WEAT1_layer9
Debk/gemma-2b-finetuned-alpaca-hindi-bengali_full,hindi_bengali_finetuned,en,WEAT1,10,1.4905043,0.0063904426,0.0,0.0,0.48582372,1.3338242645874911,1.6471842650755948,18.64523,0.0,0.0,True,True,16,0.0031270776,0.9625053,0.15873742,1600,100,Enhanced_CEAT_hindi_bengali_finetuned_en_WEAT1_layer10
Debk/gemma-2b-finetuned-alpaca-hindi-bengali_full,hindi_bengali_finetuned,en,WEAT1,11,1.45855,0.006331445,0.0,0.0,0.4649806,1.3025949063620599,1.614505046335694,18.330315,0.0,0.0,True,True,16,0.002977519,0.9626105,0.15791309,1600,100,Enhanced_CEAT_hindi_bengali_finetuned_en_WEAT1_layer11
Debk/gemma-2b-finetuned-alpaca-hindi-bengali_full,hindi_bengali_finetuned,en,WEAT1,12,1.5241909,0.0064535164,0.0,0.0,0.382368,1.3667395788918473,1.6816422265280746,18.973225,0.0,0.0,True,True,16,0.0024899063,0.9672778,0.16484988,1600,100,Enhanced_CEAT_hindi_bengali_finetuned_en_WEAT1_layer12
Debk/gemma-2b-finetuned-alpaca-hindi-bengali_full,hindi_bengali_finetuned,en,WEAT1,13,1.4872252,0.0063835797,0.0,0.0,0.29598963,1.330629330997518,1.6438210188102214,18.614208,0.0,0.0,True,True,16,0.0019005607,0.97069764,0.14152026,1600,100,Enhanced_CEAT_hindi_bengali_finetuned_en_WEAT1_layer13
Debk/gemma-2b-finetuned-alpaca-hindi-bengali_full,hindi_bengali_finetuned,en,WEAT1,14,1.4995841,0.0064062197,0.0,0.0,0.18713892,1.3427107949622314,1.6564573626152832,18.7357,0.0,0.0,True,True,16,0.0012026116,0.9768799,0.1180861,1600,100,Enhanced_CEAT_hindi_bengali_finetuned_en_WEAT1_layer14
Debk/gemma-2b-finetuned-alpaca-hindi-bengali_full,hindi_bengali_finetuned,en,WEAT1,15,1.4816698,0.006374476,0.0,0.0,0.5987269,1.3251856370357018,1.6381539301487464,18.557915,0.0,0.0,True,True,16,0.0036997134,0.9589777,0.24728513,1600,100,Enhanced_CEAT_hindi_bengali_finetuned_en_WEAT1_layer15
Debk/gemma-2b-finetuned-alpaca-hindi-bengali_full,hindi_bengali_finetuned,en,WEAT1,16,1.3140825,0.0061063366,0.0,0.0,7.095023,1.160924934273472,1.4672400723641013,16.81637,0.0,0.0,True,True,16,0.041116685,0.84693867,0.7007608,1600,100,Enhanced_CEAT_hindi_bengali_finetuned_en_WEAT1_layer16
Debk/gemma-2b-finetuned-alpaca-hindi-bengali_full,hindi_bengali_finetuned,en,WEAT1,17,1.3097167,0.0061124754,0.0,0.0,10.569044,1.1564821607364135,1.4629512422787232,16.75208,0.0,0.0,True,True,16,0.05960969,0.8157057,0.8499113,1600,100,Enhanced_CEAT_hindi_bengali_finetuned_en_WEAT1_layer17
Debk/gemma-2b-finetuned-alpaca-hindi-bengali_full,hindi_bengali_finetuned,en,WEAT2,0,0.7464971,0.005348708,0.0,0.0,0.12597755,0.6031553993193415,0.8898387899430487,10.20713,0.0,0.0,True,True,16,0.0006635643,0.9654976,0.10641819,1600,100,Enhanced_CEAT_hindi_bengali_finetuned_en_WEAT2_layer0
Debk/gemma-2b-finetuned-alpaca-hindi-bengali_full,hindi_bengali_finetuned,en,WEAT2,1,1.2826409,0.006028577,0.0,0.0,0.092193834,1.1304616549905466,1.4348202129904104,16.51953,0.0,0.0,True,True,16,0.0005538736,0.98165363,0.09427595,1600,100,Enhanced_CEAT_hindi_bengali_finetuned_en_WEAT2_layer1
Debk/gemma-2b-finetuned-alpaca-hindi-bengali_full,hindi_bengali_finetuned,en,WEAT2,2,1.1782881,0.0058704484,0.0,0.0,0.7417928,1.0281179151600006,1.3284582891399261,15.378567,0.0,0.0,True,True,16,0.0043460084,0.94410247,0.23391128,1600,100,Enhanced_CEAT_hindi_bengali_finetuned_en_WEAT2_layer2
Debk/gemma-2b-finetuned-alpaca-hindi-bengali_full,hindi_bengali_finetuned,en,WEAT2,3,1.0225674,0.0056572966,0.0,0.0,1.0659916,0.875148691704892,1.1699860910862458,13.595258,0.0,0.0,True,True,16,0.0060070474,0.92430526,0.25995773,1600,100,Enhanced_CEAT_hindi_bengali_finetuned_en_WEAT2_layer3
Debk/gemma-2b-finetuned-alpaca-hindi-bengali_full,hindi_bengali_finetuned,en,WEAT2,4,1.1247705,0.0057945894,0.0,0.0,1.0758698,0.975573747814577,1.2739672964206525,14.775854,0.0,0.0,True,True,16,0.006214629,0.93000555,0.25515836,1600,100,Enhanced_CEAT_hindi_bengali_finetuned_en_WEAT2_layer4
Debk/gemma-2b-finetuned-alpaca-hindi-bengali_full,hindi_bengali_finetuned,en,WEAT2,5,1.1433523,0.005820897,0.0,0.0,1.0618092,0.9938172057453664,1.292887334507319,14.985978,0.0,0.0,True,True,16,0.006157499,0.931459,0.28044474,1600,100,Enhanced_CEAT_hindi_bengali_finetuned_en_WEAT2_layer5
Debk/gemma-2b-finetuned-alpaca-hindi-bengali_full,hindi_bengali_finetuned,en,WEAT2,6,1.1908412,0.005892593,0.0,0.0,1.704774,1.040388036569801,1.3412943593652575,15.513172,0.0,0.0,True,True,16,0.010256856,0.9151405,0.44156218,1600,100,Enhanced_CEAT_hindi_bengali_finetuned_en_WEAT2_layer6
Debk/gemma-2b-finetuned-alpaca-hindi-bengali_full,hindi_bengali_finetuned,en,WEAT2,7,1.1359347,0.0058148927,0.0,0.0,2.3183303,0.9864767930819239,1.2853926279233252,14.896441,0.0,0.0,True,True,16,0.013644088,0.89747274,0.48864633,1600,100,Enhanced_CEAT_hindi_bengali_finetuned_en_WEAT2_layer7
Debk/gemma-2b-finetuned-alpaca-hindi-bengali_full,hindi_bengali_finetuned,en,WEAT2,8,1.2235442,0.005943564,0.0,0.0,2.127108,1.072441762001865,1.3746467179938626,15.870704,0.0,0.0,True,True,16,0.0126021,0.90849257,0.42094862,1600,100,Enhanced_CEAT_hindi_bengali_finetuned_en_WEAT2_layer8
Debk/gemma-2b-finetuned-alpaca-hindi-bengali_full,hindi_bengali_finetuned,en,WEAT2,9,1.1726012,0.005868941,0.0,0.0,2.609087,1.022450311789897,1.3227521341939896,15.306309,0.0,0.0,True,True,16,0.015075519,0.8956212,0.44094163,1600,100,Enhanced_CEAT_hindi_bengali_finetuned_en_WEAT2_layer9
Debk/gemma-2b-finetuned-alpaca-hindi-bengali_full,hindi_bengali_finetuned,en,WEAT2,10,1.1442374,0.0058304616,0.0,0.0,3.3375447,0.99457952458666,1.2938952736158547,14.985273,0.0,0.0,True,True,16,0.019220084,0.87933064,0.4970566,1600,100,Enhanced_CEAT_hindi_bengali_finetuned_en_WEAT2_layer10
Debk/gemma-2b-finetuned-alpaca-hindi-bengali_full,hindi_bengali_finetuned,en,WEAT2,11,1.1393015,0.005824898,0.0,0.0,3.747356,0.9897150865881892,1.2888879903466253,14.927755,0.0,0.0,True,True,16,0.021372776,0.8722551,0.51272416,1600,100,Enhanced_CEAT_hindi_bengali_finetuned_en_WEAT2_layer11
Debk/gemma-2b-finetuned-alpaca-hindi-bengali_full,hindi_bengali_finetuned,en,WEAT2,12,1.191464,0.005909449,0.0,0.0,6.0128045,1.0407957586430554,1.3421321359492298,15.499134,0.0,0.0,True,True,16,0.03516799,0.84375936,0.5396833,1600,100,Enhanced_CEAT_hindi_bengali_finetuned_en_WEAT2_layer12
Debk/gemma-2b-finetuned-alpaca-hindi-bengali_full,hindi_bengali_finetuned,en,WEAT2,13,1.1388193,0.0058309,0.0,0.0,5.578903,0.989155840271768,1.2884828335105807,14.913756,0.0,0.0,True,True,16,0.031767763,0.84452605,0.55027986,1600,100,Enhanced_CEAT_hindi_bengali_finetuned_en_WEAT2_layer13
Debk/gemma-2b-finetuned-alpaca-hindi-bengali_full,hindi_bengali_finetuned,en,WEAT2,14,1.2115498,0.005936455,0.0,0.0,5.133485,1.0605376872810373,1.3625618305412284,15.72453,0.0,0.0,True,True,16,0.029158738,0.8598875,0.6072193,1600,100,Enhanced_CEAT_hindi_bengali_finetuned_en_WEAT2_layer14
Debk/gemma-2b-finetuned-alpaca-hindi-bengali_full,hindi_bengali_finetuned,en,WEAT2,15,1.2608345,0.0060010673,0.0,0.0,2.0003977,1.109002797801815,1.4126661131784095,16.275856,0.0,0.0,True,True,16,0.012020234,0.91326153,0.35567725,1600,100,Enhanced_CEAT_hindi_bengali_finetuned_en_WEAT2_layer15
Debk/gemma-2b-finetuned-alpaca-hindi-bengali_full,hindi_bengali_finetuned,en,WEAT2,16,1.1396619,0.0058437665,0.0,0.0,8.760891,0.9898333845005803,1.2894904317988582,14.908352,0.0,0.0,True,True,16,0.051525414,0.8030009,0.7629891,1600,100,Enhanced_CEAT_hindi_bengali_finetuned_en_WEAT2_layer16
Debk/gemma-2b-finetuned-alpaca-hindi-bengali_full,hindi_bengali_finetuned,en,WEAT2,17,0.9824853,0.008275181,0.041506312787532806,31.38037109375,21.859634,0.8041912508868764,1.1607793377972055,10.800337,0.0,0.0,True,True,16,0.12493596,0.6469815,0.94956505,1600,100,Enhanced_CEAT_hindi_bengali_finetuned_en_WEAT2_layer17
Debk/gemma-2b-finetuned-alpaca-hindi-bengali_full,hindi_bengali_finetuned,en,WEAT6,0,-0.77921337,0.016813306,0.0,0.0,0.0737365,-1.0333543229487459,-0.5250724148365935,-6.0093822,1.8623156350372483e-09,9.311578175186241e-10,True,True,16,0.0012161381,0.9552576,0.16971266,512,32,Enhanced_CEAT_hindi_bengali_finetuned_en_WEAT6_layer0
Debk/gemma-2b-finetuned-alpaca-hindi-bengali_full,hindi_bengali_finetuned,en,WEAT6,1,1.0992382,0.017985394,0.0,0.0,0.01096083,0.836388110178093,1.3620882043665847,8.196564,2.220446049250313e-16,1.1102230246251565e-16,True,True,16,0.00019645513,0.9872497,0.07845783,512,32,Enhanced_CEAT_hindi_bengali_finetuned_en_WEAT6_layer1
Debk/gemma-2b-finetuned-alpaca-hindi-bengali_full,hindi_bengali_finetuned,en,WEAT6,2,1.3551587,0.019212041,0.0,0.0,0.005717723,1.083492974762875,1.6268243985128819,9.776951,0.0,0.0,True,True,16,0.00011088134,0.9922299,0.05112934,512,32,Enhanced_CEAT_hindi_bengali_finetuned_en_WEAT6_layer2
Debk/gemma-2b-finetuned-alpaca-hindi-bengali_full,hindi_bengali_finetuned,en,WEAT6,3,1.2487413,0.018671058,0.0,0.0,0.012151048,0.9809277066288304,1.5165548315944362,9.138775,0.0,0.0,True,True,16,0.00022939136,0.9878718,0.07878649,512,32,Enhanced_CEAT_hindi_bengali_finetuned_en_WEAT6_layer3
Debk/gemma-2b-finetuned-alpaca-hindi-bengali_full,hindi_bengali_finetuned,en,WEAT6,4,1.2272215,0.018566908,0.0,0.0,0.009936884,0.9601559146582206,1.4942870632470528,9.006439,0.0,0.0,True,True,16,0.0001859467,0.988889,0.072226405,512,32,Enhanced_CEAT_hindi_bengali_finetuned_en_WEAT6_layer4
Debk/gemma-2b-finetuned-alpaca-hindi-bengali_full,hindi_bengali_finetuned,en,WEAT6,5,1.2862282,0.018856483,0.0,0.0,0.0071659703,1.0170880635655566,1.5553682962977247,9.366723,0.0,0.0,True,True,16,0.00013655683,0.990915,0.056001425,512,32,Enhanced_CEAT_hindi_bengali_finetuned_en_WEAT6_layer5
Debk/gemma-2b-finetuned-alpaca-hindi-bengali_full,hindi_bengali_finetuned,en,WEAT6,6,1.4156393,0.019539319,0.0,0.0,0.0049707494,1.1416694118040933,1.689609150741683,10.1273985,0.0,0.0,True,True,16,9.705081e-05,0.99304116,0.04901755,512,32,Enhanced_CEAT_hindi_bengali_finetuned_en_WEAT6_layer6
Debk/gemma-2b-finetuned-alpaca-hindi-bengali_full,hindi_bengali_finetuned,en,WEAT6,7,1.3228322,0.019042784,0.0,0.0,0.0010731566,1.052365819355523,1.5932986341509467,9.586046,0.0,0.0,True,True,16,2.0422793e-05,0.99658376,0.02544856,512,32,Enhanced_CEAT_hindi_bengali_finetuned_en_WEAT6_layer7
Debk/gemma-2b-finetuned-alpaca-hindi-bengali_full,hindi_bengali_finetuned,en,WEAT6,8,1.2824811,0.01883747,0.0,0.0,0.0014964305,1.0134766770374841,1.5514854716288977,9.344148,0.0,0.0,True,True,16,2.819522e-05,0.9958597,0.029740214,512,32,Enhanced_CEAT_hindi_bengali_finetuned_en_WEAT6_layer8
Debk/gemma-2b-finetuned-alpaca-hindi-bengali_full,hindi_bengali_finetuned,en,WEAT6,9,1.2112132,0.01849049,0.0,0.0,0.005039848,0.9446978345086411,1.477728627664821,8.907307,0.0,0.0,True,True,16,9.323283e-05,0.99202824,0.048351765,512,32,Enhanced_CEAT_hindi_bengali_finetuned_en_WEAT6_layer9
Debk/gemma-2b-finetuned-alpaca-hindi-bengali_full,hindi_bengali_finetuned,en,WEAT6,10,1.1448267,0.018184924,0.0,0.0,0.0028949052,0.8805225957958153,1.4091307054431983,8.489537,0.0,0.0,True,True,16,5.2699885e-05,0.99365896,0.037763357,512,32,Enhanced_CEAT_hindi_bengali_finetuned_en_WEAT6_layer10
Debk/gemma-2b-finetuned-alpaca-hindi-bengali_full,hindi_bengali_finetuned,en,WEAT6,11,1.0152203,0.017638186,0.0,0.0,0.004419605,0.7549197523771091,1.275520816546841,7.6442227,2.1094237467877974e-14,1.0547118733938987e-14,True,True,16,7.807574e-05,0.9912966,0.048446894,512,32,Enhanced_CEAT_hindi_bengali_finetuned_en_WEAT6_layer11
Debk/gemma-2b-finetuned-alpaca-hindi-bengali_full,hindi_bengali_finetuned,en,WEAT6,12,1.3861331,0.01937778,0.0,0.0,0.0029814166,1.113298081908109,1.658968067612765,9.957561,0.0,0.0,True,True,16,5.770746e-05,0.99451965,0.042081952,512,32,Enhanced_CEAT_hindi_bengali_finetuned_en_WEAT6_layer12
Debk/gemma-2b-finetuned-alpaca-hindi-bengali_full,hindi_bengali_finetuned,en,WEAT6,13,1.1407803,0.018167114,0.0,0.0,0.010101228,0.8766057147170279,1.4049549446915415,8.463676,0.0,0.0,True,True,16,0.00018454975,0.98809206,0.072933555,512,32,Enhanced_CEAT_hindi_bengali_finetuned_en_WEAT6_layer13
Debk/gemma-2b-finetuned-alpaca-hindi-bengali_full,hindi_bengali_finetuned,en,WEAT6,14,1.1425946,0.018175922,0.0,0.0,0.030287627,0.8783559419142262,1.4068332098496898,8.475082,0.0,0.0,True,True,16,0.00054475944,0.9795751,0.120800376,512,32,Enhanced_CEAT_hindi_bengali_finetuned_en_WEAT6_layer14
Debk/gemma-2b-finetuned-alpaca-hindi-bengali_full,hindi_bengali_finetuned,en,WEAT6,15,1.4804801,0.01990617,0.0,0.0,0.0069314204,1.2039502639554143,1.7570098858096004,10.493218,0.0,0.0,True,True,16,0.00013666527,0.9921039,0.060042977,512,32,Enhanced_CEAT_hindi_bengali_finetuned_en_WEAT6_layer15
Debk/gemma-2b-finetuned-alpaca-hindi-bengali_full,hindi_bengali_finetuned,en,WEAT6,16,0.9682777,0.01750497,0.0,0.0,1.4272416,0.7089620074437821,1.2275933781458175,7.318452,2.509104035652854e-13,1.254552017826427e-13,True,True,16,0.023504063,0.8423731,0.77955663,512,32,Enhanced_CEAT_hindi_bengali_finetuned_en_WEAT6_layer16
Debk/gemma-2b-finetuned-alpaca-hindi-bengali_full,hindi_bengali_finetuned,en,WEAT6,17,1.3359674,0.019111311,0.0,0.0,0.009527228,1.0650148261923746,1.6069200168709799,9.66386,0.0,0.0,True,True,16,0.00018295721,0.98987573,0.06911206,512,32,Enhanced_CEAT_hindi_bengali_finetuned_en_WEAT6_layer17
Debk/gemma-2b-finetuned-alpaca-hindi-bengali_full,hindi_bengali_finetuned,hi,WEAT1,0,0.52827126,0.00425588,0.0,0.0,6.169607,0.4004088818319359,0.6561336339227638,8.097712,6.661338147750939e-16,3.3306690738754696e-16,True,True,16,0.026400987,0.6944361,0.33351484,2048,128,Enhanced_CEAT_hindi_bengali_finetuned_hi_WEAT1_layer0
Debk/gemma-2b-finetuned-alpaca-hindi-bengali_full,hindi_bengali_finetuned,hi,WEAT1,1,0.45857668,0.004215913,0.0,0.0,4.0367208,0.33131610204480433,0.5858372564146683,7.0626254,1.6338042030383804e-12,8.169021015191902e-13,True,True,16,0.017082676,0.7162036,0.2796374,2048,128,Enhanced_CEAT_hindi_bengali_finetuned_hi_WEAT1_layer1
Debk/gemma-2b-finetuned-alpaca-hindi-bengali_full,hindi_bengali_finetuned,hi,WEAT1,2,0.5415094,0.0042608236,0.0,0.0,5.103361,0.41357277284268673,0.6694460069119519,8.295818,0.0,0.0,True,True,16,0.021872073,0.7283695,0.325972,2048,128,Enhanced_CEAT_hindi_bengali_finetuned_hi_WEAT1_layer2
Debk/gemma-2b-finetuned-alpaca-hindi-bengali_full,hindi_bengali_finetuned,hi,WEAT1,3,0.59813744,0.004284932,0.0,0.0,0.9962396,0.4698393856363309,0.7264354909582126,9.137534,0.0,0.0,True,True,16,0.004284911,0.89067554,0.17632973,2048,128,Enhanced_CEAT_hindi_bengali_finetuned_hi_WEAT1_layer3
Debk/gemma-2b-finetuned-alpaca-hindi-bengali_full,hindi_bengali_finetuned,hi,WEAT1,4,0.63023615,0.004304797,0.0,0.0,0.840009,0.5016410445991952,0.7588312530692618,9.605655,0.0,0.0,True,True,16,0.00362957,0.9044912,0.14925689,2048,128,Enhanced_CEAT_hindi_bengali_finetuned_hi_WEAT1_layer4
Debk/gemma-2b-finetuned-alpaca-hindi-bengali_full,hindi_bengali_finetuned,hi,WEAT1,5,0.7235352,0.0043680873,0.0,0.0,0.19506729,0.5939982053683087,0.8530721548154071,10.947475,0.0,0.0,True,True,16,0.0008563978,0.959562,0.09932542,2048,128,Enhanced_CEAT_hindi_bengali_finetuned_hi_WEAT1_layer5
Debk/gemma-2b-finetuned-alpaca-hindi-bengali_full,hindi_bengali_finetuned,hi,WEAT1,6,0.74640834,0.0043863053,0.0,0.0,0.6367431,0.6166015221636107,0.8762151644666383,11.2700815,0.0,0.0,True,True,16,0.0028154203,0.9289599,0.16664588,2048,128,Enhanced_CEAT_hindi_bengali_finetuned_hi_WEAT1_layer6
Debk/gemma-2b-finetuned-alpaca-hindi-bengali_full,hindi_bengali_finetuned,hi,WEAT1,7,0.7402675,0.0043812613,0.0,0.0,0.47393948,0.6105353439005499,0.8699996864644404,11.183792,0.0,0.0,True,True,16,0.0020900941,0.9382726,0.12663543,2048,128,Enhanced_CEAT_hindi_bengali_finetuned_hi_WEAT1_layer7
Debk/gemma-2b-finetuned-alpaca-hindi-bengali_full,hindi_bengali_finetuned,hi,WEAT1,8,0.7454621,0.0043845954,0.0,0.0,0.19745259,0.615680605200877,0.8752436339577534,11.257989,0.0,0.0,True,True,16,0.00086902187,0.9604633,0.12542248,2048,128,Enhanced_CEAT_hindi_bengali_finetuned_hi_WEAT1_layer8
Debk/gemma-2b-finetuned-alpaca-hindi-bengali_full,hindi_bengali_finetuned,hi,WEAT1,9,0.7808536,0.0044122417,0.0,0.0,0.18438381,0.6506635994557975,0.9110436587686898,11.75547,0.0,0.0,True,True,16,0.00081383734,0.9634727,0.14188159,2048,128,Enhanced_CEAT_hindi_bengali_finetuned_hi_WEAT1_layer9
Debk/gemma-2b-finetuned-alpaca-hindi-bengali_full,hindi_bengali_finetuned,hi,WEAT1,10,0.7847628,0.0044156,0.0,0.0,0.282573,0.6545232225467238,0.9150023769329515,11.809827,0.0,0.0,True,True,16,0.0012576769,0.954823,0.14685744,2048,128,Enhanced_CEAT_hindi_bengali_finetuned_hi_WEAT1_layer10
Debk/gemma-2b-finetuned-alpaca-hindi-bengali_full,hindi_bengali_finetuned,hi,WEAT1,11,0.82154495,0.0044456422,0.0,0.0,0.1817613,0.6908630763314358,0.9522268141486057,12.321514,0.0,0.0,True,True,16,0.0008080933,0.96540457,0.122703075,2048,128,Enhanced_CEAT_hindi_bengali_finetuned_hi_WEAT1_layer11
Debk/gemma-2b-finetuned-alpaca-hindi-bengali_full,hindi_bengali_finetuned,hi,WEAT1,12,0.83593136,0.004458183,0.0,0.0,0.32314652,0.7050652912154414,0.9667974302277349,12.519634,0.0,0.0,True,True,16,0.0014478122,0.95449704,0.14604688,2048,128,Enhanced_CEAT_hindi_bengali_finetuned_hi_WEAT1_layer12
Debk/gemma-2b-finetuned-alpaca-hindi-bengali_full,hindi_bengali_finetuned,hi,WEAT1,13,0.8072584,0.0044344584,0.0,0.0,0.5069612,0.6767410303551984,0.9377758239309955,12.122502,0.0,0.0,True,True,16,0.0022660845,0.94106215,0.17625695,2048,128,Enhanced_CEAT_hindi_bengali_finetuned_hi_WEAT1_layer13
Debk/gemma-2b-finetuned-alpaca-hindi-bengali_full,hindi_bengali_finetuned,hi,WEAT1,14,0.7419367,0.004384694,0.0,0.0,1.4373813,0.6121537089893836,0.8717196583201867,11.204622,0.0,0.0,True,True,16,0.006307616,0.8931121,0.34513682,2048,128,Enhanced_CEAT_hindi_bengali_finetuned_hi_WEAT1_layer14
Debk/gemma-2b-finetuned-alpaca-hindi-bengali_full,hindi_bengali_finetuned,hi,WEAT1,15,0.57692856,0.004281709,0.0,0.0,5.3479443,0.4486787657886227,0.7051783461422245,8.816851,0.0,0.0,True,True,16,0.023420822,0.7363491,0.5627693,2048,128,Enhanced_CEAT_hindi_bengali_finetuned_hi_WEAT1_layer15
Debk/gemma-2b-finetuned-alpaca-hindi-bengali_full,hindi_bengali_finetuned,hi,WEAT1,16,0.55252177,0.0042630094,0.0,0.0,3.2759216,0.4245523355493862,0.6804911949147862,8.462355,0.0,0.0,True,True,16,0.01409148,0.7858998,0.46721277,2048,128,Enhanced_CEAT_hindi_bengali_finetuned_hi_WEAT1_layer16
Debk/gemma-2b-finetuned-alpaca-hindi-bengali_full,hindi_bengali_finetuned,hi,WEAT1,17,0.07643373,0.004133358,0.0,0.0,14.594018,-0.04957470641964548,0.20244217263096445,1.1888677,0.23449173689175096,0.11724586844587548,False,False,16,0.06110214,-0.2896955,0.95288265,2048,128,Enhanced_CEAT_hindi_bengali_finetuned_hi_WEAT1_layer17
Debk/gemma-2b-finetuned-alpaca-hindi-bengali_full,hindi_bengali_finetuned,hi,WEAT2,0,0.7262576,0.0044446485,0.0,0.0,1.4118882,0.5955903562030228,0.856924888280925,10.893614,0.0,0.0,True,True,16,0.0061537474,0.8921314,0.20856845,2032,127,Enhanced_CEAT_hindi_bengali_finetuned_hi_WEAT2_layer0
Debk/gemma-2b-finetuned-alpaca-hindi-bengali_full,hindi_bengali_finetuned,hi,WEAT2,1,0.57753307,0.0043472564,0.0,0.0,3.033257,0.44830533651942317,0.706760796026048,8.759296,0.0,0.0,True,True,16,0.012924339,0.80368334,0.34006166,2032,127,Enhanced_CEAT_hindi_bengali_finetuned_hi_WEAT2_layer1
Debk/gemma-2b-finetuned-alpaca-hindi-bengali_full,hindi_bengali_finetuned,hi,WEAT2,2,0.58760387,0.0043491903,0.0,0.0,1.1881049,0.4583473988532337,0.7168603352547375,8.910056,0.0,0.0,True,True,16,0.005102097,0.87857795,0.21572235,2032,127,Enhanced_CEAT_hindi_bengali_finetuned_hi_WEAT2_layer2
Debk/gemma-2b-finetuned-alpaca-hindi-bengali_full,hindi_bengali_finetuned,hi,WEAT2,3,0.66639334,0.004400425,0.0,0.0,1.0760338,0.536377755858142,0.7964089234097413,10.045773,0.0,0.0,True,True,16,0.004668006,0.8975802,0.20093966,2032,127,Enhanced_CEAT_hindi_bengali_finetuned_hi_WEAT2_layer3
Debk/gemma-2b-finetuned-alpaca-hindi-bengali_full,hindi_bengali_finetuned,hi,WEAT2,4,0.6851932,0.0044181403,0.0,0.0,3.019151,0.5549161474841781,0.8154702145916276,10.308448,0.0,0.0,True,True,16,0.013037496,0.83382004,0.34543326,2032,127,Enhanced_CEAT_hindi_bengali_finetuned_hi_WEAT2_layer4
Debk/gemma-2b-finetuned-alpaca-hindi-bengali_full,hindi_bengali_finetuned,hi,WEAT2,5,0.77759343,0.004490885,0.0,0.0,3.9741127,0.6462482734038689,0.9089385943100593,11.6034355,0.0,0.0,True,True,16,0.017345104,0.8312491,0.4035836,2032,127,Enhanced_CEAT_hindi_bengali_finetuned_hi_WEAT2_layer5
Debk/gemma-2b-finetuned-alpaca-hindi-bengali_full,hindi_bengali_finetuned,hi,WEAT2,6,0.81557137,0.0045186053,0.0,0.0,2.3379188,0.6838214741527632,0.947321261328499,12.132765,0.0,0.0,True,True,16,0.01035449,0.87551385,0.31859976,2032,127,Enhanced_CEAT_hindi_bengali_finetuned_hi_WEAT2_layer6
Debk/gemma-2b-finetuned-alpaca-hindi-bengali_full,hindi_bengali_finetuned,hi,WEAT2,7,0.8536945,0.0045518875,0.0,0.0,2.3790061,0.7214602861768257,0.9859287109011162,12.653385,0.0,0.0,True,True,16,0.0106746,0.87926054,0.33182943,2032,127,Enhanced_CEAT_hindi_bengali_finetuned_hi_WEAT2_layer7
Debk/gemma-2b-finetuned-alpaca-hindi-bengali_full,hindi_bengali_finetuned,hi,WEAT2,8,0.90720457,0.0046023247,0.0,0.0,2.9207377,0.7742397598532798,1.040169376918876,13.372623,0.0,0.0,True,True,16,0.0131993815,0.87372345,0.36463046,2032,127,Enhanced_CEAT_hindi_bengali_finetuned_hi_WEAT2_layer8
Debk/gemma-2b-finetuned-alpaca-hindi-bengali_full,hindi_bengali_finetuned,hi,WEAT2,9,0.9040279,0.0045994585,0.0,0.0,2.9772115,0.7711044844436122,1.0369512740326452,13.329949,0.0,0.0,True,True,16,0.013505919,0.87182856,0.37259305,2032,127,Enhanced_CEAT_hindi_bengali_finetuned_hi_WEAT2_layer9
Debk/gemma-2b-finetuned-alpaca-hindi-bengali_full,hindi_bengali_finetuned,hi,WEAT2,10,0.9037054,0.0046003144,0.0,0.0,3.460637,0.7707696546847975,1.03664118153499,13.323955,0.0,0.0,True,True,16,0.015718594,0.86174595,0.37685162,2032,127,Enhanced_CEAT_hindi_bengali_finetuned_hi_WEAT2_layer10
Debk/gemma-2b-finetuned-alpaca-hindi-bengali_full,hindi_bengali_finetuned,hi,WEAT2,11,0.9160473,0.0046131923,0.0,0.0,3.9423916,0.7829255733022311,1.0491689768305204,13.487055,0.0,0.0,True,True,16,0.01796865,0.854245,0.40524107,2032,127,Enhanced_CEAT_hindi_bengali_finetuned_hi_WEAT2_layer11
Debk/gemma-2b-finetuned-alpaca-hindi-bengali_full,hindi_bengali_finetuned,hi,WEAT2,12,0.9797524,0.004677353,0.0,0.0,4.404689,0.8457081833258242,1.1137966594323545,14.325714,0.0,0.0,True,True,16,0.020187462,0.85560924,0.41334802,2032,127,Enhanced_CEAT_hindi_bengali_finetuned_hi_WEAT2_layer12
Debk/gemma-2b-finetuned-alpaca-hindi-bengali_full,hindi_bengali_finetuned,hi,WEAT2,13,0.9157779,0.004614607,0.0,0.0,4.6363487,0.7826358051007429,1.0489200382525286,13.481022,0.0,0.0,True,True,16,0.021225754,0.8416567,0.44536382,2032,127,Enhanced_CEAT_hindi_bengali_finetuned_hi_WEAT2_layer13
Debk/gemma-2b-finetuned-alpaca-hindi-bengali_full,hindi_bengali_finetuned,hi,WEAT2,14,0.8715255,0.0045764972,0.0,0.0,5.9691415,0.7389343319335377,1.0041167201599681,12.882896,0.0,0.0,True,True,16,0.027127355,0.8121533,0.54925543,2032,127,Enhanced_CEAT_hindi_bengali_finetuned_hi_WEAT2_layer14
Debk/gemma-2b-finetuned-alpaca-hindi-bengali_full,hindi_bengali_finetuned,hi,WEAT2,15,0.75114506,0.004475416,0.0,0.0,6.385859,0.6200263072684886,0.8822638223930714,11.228121,0.0,0.0,True,True,16,0.028719708,0.7758947,0.5409299,2032,127,Enhanced_CEAT_hindi_bengali_finetuned_hi_WEAT2_layer15
Debk/gemma-2b-finetuned-alpaca-hindi-bengali_full,hindi_bengali_finetuned,hi,WEAT2,16,0.68785346,0.0044341246,0.0,0.0,9.105652,0.5573409799226862,0.81836593116435,10.329802,0.0,0.0,True,True,16,0.040270608,0.71092796,0.65726614,2032,127,Enhanced_CEAT_hindi_bengali_finetuned_hi_WEAT2_layer16
Debk/gemma-2b-finetuned-alpaca-hindi-bengali_full,hindi_bengali_finetuned,hi,WEAT2,17,0.43161654,0.004290446,0.0,0.0,11.971432,0.3032359712462688,0.5599971182007527,6.589415,4.4156234224601576e-11,2.2078117112300788e-11,True,True,16,0.051603418,0.48001063,0.7982234,2032,127,Enhanced_CEAT_hindi_bengali_finetuned_hi_WEAT2_layer17
Debk/gemma-2b-finetuned-alpaca-hindi-bengali_full,hindi_bengali_finetuned,hi,WEAT6,0,0.5991284,0.016326161,0.0,0.0,0.0025238483,0.34869624948336647,0.8495606007592482,4.688975,2.7457711906375692e-06,1.3728855953187846e-06,True,True,16,4.1072763e-05,0.98930323,0.028703094,512,32,Enhanced_CEAT_hindi_bengali_finetuned_hi_WEAT6_layer0
Debk/gemma-2b-finetuned-alpaca-hindi-bengali_full,hindi_bengali_finetuned,hi,WEAT6,1,0.3942359,0.015928604,0.0,0.0,0.0015310448,0.14687165022857965,0.6416001677416963,3.1236856,0.0017860118569437144,0.0008930059284718572,True,True,16,2.4428002e-05,0.98746324,0.023451,512,32,Enhanced_CEAT_hindi_bengali_finetuned_hi_WEAT6_layer1
Debk/gemma-2b-finetuned-alpaca-hindi-bengali_full,hindi_bengali_finetuned,hi,WEAT6,2,0.2892243,0.015788548,0.0,0.0,0.005532025,0.04294993782967904,0.5354986557868066,2.3017793,0.021347623167613516,0.010673811583806758,True,False,16,8.7563436e-05,0.96764684,0.041638732,512,32,Enhanced_CEAT_hindi_bengali_finetuned_hi_WEAT6_layer2
Debk/gemma-2b-finetuned-alpaca-hindi-bengali_full,hindi_bengali_finetuned,hi,WEAT6,3,0.14853318,0.015668474,0.0,0.0,0.012516605,-0.09680291504282176,0.3938692757548732,1.1866158,0.23537919104324234,0.11768959552162117,False,False,16,0.00019653839,0.905621,0.058018908,512,32,Enhanced_CEAT_hindi_bengali_finetuned_hi_WEAT6_layer3
Debk/gemma-2b-finetuned-alpaca-hindi-bengali_full,hindi_bengali_finetuned,hi,WEAT6,4,0.3887583,0.01592079,0.0,0.0,0.019515237,0.14145473250456445,0.6360618709652842,3.0810404,0.002062786705096853,0.0010313933525484265,True,True,16,0.00031269918,0.9545171,0.08042359,512,32,Enhanced_CEAT_hindi_bengali_finetuned_hi_WEAT6_layer4
Debk/gemma-2b-finetuned-alpaca-hindi-bengali_full,hindi_bengali_finetuned,hi,WEAT6,5,0.29416385,0.015794488,0.0,0.0,0.015596691,0.047843173649026544,0.5404845322111114,2.3406503,0.01925018735536166,0.00962509367768083,True,False,16,0.00024734501,0.9465394,0.07723692,512,32,Enhanced_CEAT_hindi_bengali_finetuned_hi_WEAT6_layer5
Debk/gemma-2b-finetuned-alpaca-hindi-bengali_full,hindi_bengali_finetuned,hi,WEAT6,6,0.5794065,0.016281264,0.0,0.0,0.018129412,0.3293188935366111,0.8294941061887307,4.540872,5.602201163412701e-06,2.8011005817063506e-06,True,True,16,0.0002978675,0.97021514,0.072652996,512,32,Enhanced_CEAT_hindi_bengali_finetuned_hi_WEAT6_layer6
Debk/gemma-2b-finetuned-alpaca-hindi-bengali_full,hindi_bengali_finetuned,hi,WEAT6,7,0.5511116,0.01621873,0.0,0.0,0.016499039,0.30150472828937214,0.8007184295933183,4.3274407,1.50851914402228e-05,7.5425957201114e-06,True,True,16,0.0002698176,0.9701966,0.06810176,512,32,Enhanced_CEAT_hindi_bengali_finetuned_hi_WEAT6_layer7
Debk/gemma-2b-finetuned-alpaca-hindi-bengali_full,hindi_bengali_finetuned,hi,WEAT6,8,0.5500161,0.01621642,0.0,0.0,0.017758008,0.3004270408182593,0.7996051695317773,4.3191466,1.5663368903018338e-05,7.831684451509169e-06,True,True,16,0.00029044785,0.96901673,0.07301402,512,32,Enhanced_CEAT_hindi_bengali_finetuned_hi_WEAT6_layer8
Debk/gemma-2b-finetuned-alpaca-hindi-bengali_full,hindi_bengali_finetuned,hi,WEAT6,9,0.51867056,0.016151113,0.0,0.0,0.021863686,0.26958456343157167,0.767756554427315,4.0812235,4.479925243527916e-05,2.239962621763958e-05,True,True,16,0.00035634355,0.9636082,0.07824552,512,32,Enhanced_CEAT_hindi_bengali_finetuned_hi_WEAT6_layer9
Debk/gemma-2b-finetuned-alpaca-hindi-bengali_full,hindi_bengali_finetuned,hi,WEAT6,10,0.51776636,0.01614923,0.0,0.0,0.020084403,0.26869487622274507,0.7668378367136564,4.074346,4.614382249612525e-05,2.3071911248062626e-05,True,True,16,0.00032714067,0.9650701,0.080048144,512,32,Enhanced_CEAT_hindi_bengali_finetuned_hi_WEAT6_layer10
Debk/gemma-2b-finetuned-alpaca-hindi-bengali_full,hindi_bengali_finetuned,hi,WEAT6,11,0.5500192,0.016216403,0.0,0.0,0.017126951,0.30043025708274473,0.7996081521503485,4.319173,1.5661507842823497e-05,7.830753921411748e-06,True,True,16,0.0002798707,0.9695862,0.08157635,512,32,Enhanced_CEAT_hindi_bengali_finetuned_hi_WEAT6_layer11
Debk/gemma-2b-finetuned-alpaca-hindi-bengali_full,hindi_bengali_finetuned,hi,WEAT6,12,0.64483696,0.016437674,0.0,0.0,0.01664758,0.3935509860033582,0.8961229384427478,5.029557,4.916137581467694e-07,2.458068790733847e-07,True,True,16,0.0002759986,0.97423834,0.08188021,512,32,Enhanced_CEAT_hindi_bengali_finetuned_hi_WEAT6_layer12
Debk/gemma-2b-finetuned-alpaca-hindi-bengali_full,hindi_bengali_finetuned,hi,WEAT6,13,0.69549966,0.016570242,0.0,0.0,0.014818037,0.4432024044370142,0.9477969127321753,5.4029694,6.55466594334797e-08,3.277332971673985e-08,True,True,16,0.00024731393,0.97738993,0.082357585,512,32,Enhanced_CEAT_hindi_bengali_finetuned_hi_WEAT6_layer13
Debk/gemma-2b-finetuned-alpaca-hindi-bengali_full,hindi_bengali_finetuned,hi,WEAT6,14,0.628323,0.016396454,0.0,0.0,0.011947159,0.3773522890808343,0.8792937480209113,4.906909,9.252293915462673e-07,4.6261469577313363e-07,True,True,16,0.00019671043,0.9776792,0.07679027,512,32,Enhanced_CEAT_hindi_bengali_finetuned_hi_WEAT6_layer14
Debk/gemma-2b-finetuned-alpaca-hindi-bengali_full,hindi_bengali_finetuned,hi,WEAT6,15,0.3780121,0.015904456,0.0,0.0,0.01189189,0.1308353914224213,0.6251887904203827,2.9974108,0.0027228355154638173,0.0013614177577319087,True,True,16,0.00018990667,0.96354616,0.070124686,512,32,Enhanced_CEAT_hindi_bengali_finetuned_hi_WEAT6_layer15
Debk/gemma-2b-finetuned-alpaca-hindi-bengali_full,hindi_bengali_finetuned,hi,WEAT6,16,-0.019266527,0.015625836,0.0,0.0,0.003625852,-0.2642685672992037,0.22573551300700173,-0.1541281,0.8775087288989172,0.4387543644494586,False,False,16,5.665479e-05,0.6326424,0.031160578,512,32,Enhanced_CEAT_hindi_bengali_finetuned_hi_WEAT6_layer16
Debk/gemma-2b-finetuned-alpaca-hindi-bengali_full,hindi_bengali_finetuned,hi,WEAT6,17,0.053800676,0.015630836,0.0,0.0,0.0060196677,-0.19124055823720043,0.29884191027319973,0.43032506,0.6669591994463742,0.3334795997231871,False,False,16,9.414252e-05,0.81966007,0.038915828,512,32,Enhanced_CEAT_hindi_bengali_finetuned_hi_WEAT6_layer17
Debk/gemma-2b-finetuned-alpaca-hindi-bengali_full,hindi_bengali_finetuned,bn,WEAT1,0,-0.08562784,0.0043201973,0.0,0.0,0.33087423,-0.21445276316656203,0.04319708522810073,-1.3027563,0.1926579710920433,0.09632898554602165,False,False,16,0.001430061,0.55853426,0.12331259,2144,134,Enhanced_CEAT_hindi_bengali_finetuned_bn_WEAT1_layer0
Debk/gemma-2b-finetuned-alpaca-hindi-bengali_full,hindi_bengali_finetuned,bn,WEAT1,1,-0.0038691945,0.004315793,0.0,0.0,0.1329738,-0.13262843502711938,0.12489004595231698,-0.058896605,0.9530344622364091,0.47651723111820454,False,False,16,0.00057411124,-0.35404253,0.10831318,2144,134,Enhanced_CEAT_hindi_bengali_finetuned_bn_WEAT1_layer1
Debk/gemma-2b-finetuned-alpaca-hindi-bengali_full,hindi_bengali_finetuned,bn,WEAT1,2,0.0089237355,0.004315828,0.0,0.0,0.1327855,-0.11983601612057568,0.13768348705973507,0.13583593,0.8919509857087937,0.44597549285439686,False,False,16,0.0005731083,-0.037157416,0.08427392,2144,134,Enhanced_CEAT_hindi_bengali_finetuned_bn_WEAT1_layer2
Debk/gemma-2b-finetuned-alpaca-hindi-bengali_full,hindi_bengali_finetuned,bn,WEAT1,3,0.06348376,0.004318037,0.0,0.0,0.1670137,-0.06530895050606242,0.19227647002777568,0.96609414,0.3339970784328028,0.1669985392164014,False,False,16,0.0007211056,0.57707536,0.0720237,2144,134,Enhanced_CEAT_hindi_bengali_finetuned_bn_WEAT1_layer3
Debk/gemma-2b-finetuned-alpaca-hindi-bengali_full,hindi_bengali_finetuned,bn,WEAT1,4,0.3163213,0.0043700975,0.0,0.0,0.30132067,0.18675453420072313,0.445888092561667,4.7850103,1.7097853228786875e-06,8.548926614393437e-07,True,True,16,0.0013146373,0.88541216,0.09530905,2144,134,Enhanced_CEAT_hindi_bengali_finetuned_bn_WEAT1_layer4
Debk/gemma-2b-finetuned-alpaca-hindi-bengali_full,hindi_bengali_finetuned,bn,WEAT1,5,0.40305713,0.0044042766,0.0,0.0,0.5353599,0.2729846662379706,0.533129590144018,6.0733643,1.252578929467063e-09,6.262894647335315e-10,True,True,16,0.0023659808,0.87939113,0.19061625,2144,134,Enhanced_CEAT_hindi_bengali_finetuned_bn_WEAT1_layer5
Debk/gemma-2b-finetuned-alpaca-hindi-bengali_full,hindi_bengali_finetuned,bn,WEAT1,6,0.4204438,0.0044127805,0.0,0.0,0.86640507,0.2902458148515792,0.5506417912923722,6.329243,2.4636648277009954e-10,1.2318324138504977e-10,True,True,16,0.00384117,0.8527352,0.21709374,2144,134,Enhanced_CEAT_hindi_bengali_finetuned_bn_WEAT1_layer6
Debk/gemma-2b-finetuned-alpaca-hindi-bengali_full,hindi_bengali_finetuned,bn,WEAT1,7,0.5299626,0.0044675665,0.0,0.0,0.31773162,0.39895888312218064,0.660966315432812,7.9288406,2.220446049250313e-15,1.1102230246251565e-15,True,True,16,0.0014163149,0.9290114,0.13715151,2144,134,Enhanced_CEAT_hindi_bengali_finetuned_bn_WEAT1_layer7
Debk/gemma-2b-finetuned-alpaca-hindi-bengali_full,hindi_bengali_finetuned,bn,WEAT1,8,0.58719504,0.004501835,0.0,0.0,0.24062476,0.4556898600969279,0.7187002174940145,8.751603,0.0,0.0,True,True,16,0.001080795,0.944027,0.117443144,2144,134,Enhanced_CEAT_hindi_bengali_finetuned_bn_WEAT1_layer8
Debk/gemma-2b-finetuned-alpaca-hindi-bengali_full,hindi_bengali_finetuned,bn,WEAT1,9,0.59394544,0.0045058457,0.0,0.0,0.12297721,0.4623816928215737,0.7255091944388633,8.84827,0.0,0.0,True,True,16,0.00055318355,0.9604058,0.113469124,2144,134,Enhanced_CEAT_hindi_bengali_finetuned_bn_WEAT1_layer9
Debk/gemma-2b-finetuned-alpaca-hindi-bengali_full,hindi_bengali_finetuned,bn,WEAT1,10,0.6320382,0.0045310627,0.0,0.0,0.14451942,0.5001067834051754,0.7639695687142704,9.389517,0.0,0.0,True,True,16,0.00065209484,0.9596033,0.08737993,2144,134,Enhanced_CEAT_hindi_bengali_finetuned_bn_WEAT1_layer10
Debk/gemma-2b-finetuned-alpaca-hindi-bengali_full,hindi_bengali_finetuned,bn,WEAT1,11,0.6342114,0.004532814,0.0,0.0,0.25475645,0.5022545463508199,0.7661682956749369,9.419983,0.0,0.0,True,True,16,0.0011495525,0.9465541,0.12679505,2144,134,Enhanced_CEAT_hindi_bengali_finetuned_bn_WEAT1_layer11
Debk/gemma-2b-finetuned-alpaca-hindi-bengali_full,hindi_bengali_finetuned,bn,WEAT1,12,0.70545495,0.004584955,0.0,0.0,0.54211575,0.5727412771834355,0.8381686139451046,10.418417,0.0,0.0,True,True,16,0.002478186,0.9294743,0.14398712,2144,134,Enhanced_CEAT_hindi_bengali_finetuned_bn_WEAT1_layer12
Debk/gemma-2b-finetuned-alpaca-hindi-bengali_full,hindi_bengali_finetuned,bn,WEAT1,13,0.65880346,0.0045503792,0.0,0.0,0.43026718,0.5265911549244833,0.7910157710398722,9.766345,0.0,0.0,True,True,16,0.0019439305,0.93310547,0.16153222,2144,134,Enhanced_CEAT_hindi_bengali_finetuned_bn_WEAT1_layer13
Debk/gemma-2b-finetuned-alpaca-hindi-bengali_full,hindi_bengali_finetuned,bn,WEAT1,14,0.5950063,0.004507513,0.0,0.0,0.52963877,0.4634181933056064,0.7265943808902554,8.862434,0.0,0.0,True,True,16,0.0023563388,0.91845995,0.20847988,2144,134,Enhanced_CEAT_hindi_bengali_finetuned_bn_WEAT1_layer14
Debk/gemma-2b-finetuned-alpaca-hindi-bengali_full,hindi_bengali_finetuned,bn,WEAT1,15,0.4496132,0.0044265497,0.0,0.0,0.903448,0.31921226003368564,0.5800141670445614,6.7578163,1.4008794124720225e-11,7.004397062360113e-12,True,True,16,0.0039892267,0.85965574,0.19001234,2144,134,Enhanced_CEAT_hindi_bengali_finetuned_bn_WEAT1_layer15
Debk/gemma-2b-finetuned-alpaca-hindi-bengali_full,hindi_bengali_finetuned,bn,WEAT1,16,0.5083219,0.0044559264,0.0,0.0,0.5125265,0.377488945699303,0.639154816889198,7.6149983,2.6423307986078726e-14,1.3211653993039363e-14,True,True,16,0.0022725672,0.9062675,0.15301228,2144,134,Enhanced_CEAT_hindi_bengali_finetuned_bn_WEAT1_layer16
Debk/gemma-2b-finetuned-alpaca-hindi-bengali_full,hindi_bengali_finetuned,bn,WEAT1,17,0.5988015,0.004513112,0.0,0.0,1.8278111,0.4671316967967883,0.7304712904926405,8.913429,0.0,0.0,True,True,16,0.00819575,0.8490985,0.27894583,2144,134,Enhanced_CEAT_hindi_bengali_finetuned_bn_WEAT1_layer17
Debk/gemma-2b-finetuned-alpaca-hindi-bengali_full,hindi_bengali_finetuned,bn,WEAT2,0,0.39539963,0.0046392772,0.0,0.0,1.3240191,0.2619020942498208,0.5288971658896445,5.8051186,6.4320473391887845e-09,3.2160236695943922e-09,True,True,16,0.0062283874,0.80075127,0.2289589,2096,131,Enhanced_CEAT_hindi_bengali_finetuned_bn_WEAT2_layer0
Debk/gemma-2b-finetuned-alpaca-hindi-bengali_full,hindi_bengali_finetuned,bn,WEAT2,1,0.46169043,0.004671555,0.0,0.0,1.3129008,0.327729292750624,0.5956515589949815,6.754919,1.429145690678979e-11,7.145728453394895e-12,True,True,16,0.0062305233,0.8293224,0.22380853,2096,131,Enhanced_CEAT_hindi_bengali_finetuned_bn_WEAT2_layer1
Debk/gemma-2b-finetuned-alpaca-hindi-bengali_full,hindi_bengali_finetuned,bn,WEAT2,2,0.5448537,0.00471862,0.0,0.0,1.1148703,0.4102194202855547,0.6794879542871992,7.9318113,2.220446049250313e-15,1.1102230246251565e-15,True,True,16,0.005346001,0.8659928,0.20237625,2096,131,Enhanced_CEAT_hindi_bengali_finetuned_bn_WEAT2_layer2
Debk/gemma-2b-finetuned-alpaca-hindi-bengali_full,hindi_bengali_finetuned,bn,WEAT2,3,0.5703292,0.0047358754,0.0,0.0,1.5246898,0.435448980769341,0.7052093978317332,8.287537,2.220446049250313e-16,1.1102230246251565e-16,True,True,16,0.007365322,0.8498131,0.24720937,2096,131,Enhanced_CEAT_hindi_bengali_finetuned_bn_WEAT2_layer3
Debk/gemma-2b-finetuned-alpaca-hindi-bengali_full,hindi_bengali_finetuned,bn,WEAT2,4,0.6613743,0.0047995243,0.0,0.0,1.4794253,0.5255907142663674,0.7971578275656028,9.546589,0.0,0.0,True,True,16,0.0072598206,0.871408,0.24370229,2096,131,Enhanced_CEAT_hindi_bengali_finetuned_bn_WEAT2_layer4
Debk/gemma-2b-finetuned-alpaca-hindi-bengali_full,hindi_bengali_finetuned,bn,WEAT2,5,0.66796535,0.004804891,0.0,0.0,1.6203035,0.5321059047721427,0.8038248002983529,9.636341,0.0,0.0,True,True,16,0.007954018,0.8667504,0.25840294,2096,131,Enhanced_CEAT_hindi_bengali_finetuned_bn_WEAT2_layer5
Debk/gemma-2b-finetuned-alpaca-hindi-bengali_full,hindi_bengali_finetuned,bn,WEAT2,6,0.7695973,0.0048871646,0.0,0.0,1.3270388,0.6325796175782945,0.9066149663145278,11.008675,0.0,0.0,True,True,16,0.006600065,0.8946057,0.24306828,2096,131,Enhanced_CEAT_hindi_bengali_finetuned_bn_WEAT2_layer6
Debk/gemma-2b-finetuned-alpaca-hindi-bengali_full,hindi_bengali_finetuned,bn,WEAT2,7,0.77260983,0.0048899697,0.0,0.0,1.3855183,0.6355528446094779,0.9096668151958199,11.048597,0.0,0.0,True,True,16,0.006900739,0.8926599,0.26988798,2096,131,Enhanced_CEAT_hindi_bengali_finetuned_bn_WEAT2_layer7
Debk/gemma-2b-finetuned-alpaca-hindi-bengali_full,hindi_bengali_finetuned,bn,WEAT2,8,0.7861743,0.0049035153,0.0,0.0,1.9317406,0.648927606160179,0.9234209885053484,11.227035,0.0,0.0,True,True,16,0.009687614,0.8750984,0.3088475,2096,131,Enhanced_CEAT_hindi_bengali_finetuned_bn_WEAT2_layer8
Debk/gemma-2b-finetuned-alpaca-hindi-bengali_full,hindi_bengali_finetuned,bn,WEAT2,9,0.7994042,0.004916418,0.0,0.0,2.2786453,0.6619770650591035,0.9368313427244048,11.400975,0.0,0.0,True,True,16,0.011425737,0.86665297,0.34422785,2096,131,Enhanced_CEAT_hindi_bengali_finetuned_bn_WEAT2_layer9
Debk/gemma-2b-finetuned-alpaca-hindi-bengali_full,hindi_bengali_finetuned,bn,WEAT2,10,0.8351356,0.0049474407,0.0,0.0,1.4955679,0.6972755382062448,0.972995620012139,11.87317,0.0,0.0,True,True,16,0.0075332765,0.89625704,0.26865804,2096,131,Enhanced_CEAT_hindi_bengali_finetuned_bn_WEAT2_layer10
Debk/gemma-2b-finetuned-alpaca-hindi-bengali_full,hindi_bengali_finetuned,bn,WEAT2,11,0.8764623,0.0049868044,0.0,0.0,1.1918983,0.7380548950877103,1.014869666412839,12.411437,0.0,0.0,True,True,16,0.006037649,0.91147053,0.23577529,2096,131,Enhanced_CEAT_hindi_bengali_finetuned_bn_WEAT2_layer11
Debk/gemma-2b-finetuned-alpaca-hindi-bengali_full,hindi_bengali_finetuned,bn,WEAT2,12,0.8787229,0.0049884696,0.0,0.0,0.98387176,0.7402924187103457,1.0171533935149961,12.441373,0.0,0.0,True,True,16,0.004977714,0.91980284,0.21291226,2096,131,Enhanced_CEAT_hindi_bengali_finetuned_bn_WEAT2_layer12
Debk/gemma-2b-finetuned-alpaca-hindi-bengali_full,hindi_bengali_finetuned,bn,WEAT2,13,0.809582,0.00492569,0.0,0.0,2.262841,0.6720253287240727,0.9471386612966792,11.535257,0.0,0.0,True,True,16,0.011346665,0.8687808,0.33114702,2096,131,Enhanced_CEAT_hindi_bengali_finetuned_bn_WEAT2_layer13
Debk/gemma-2b-finetuned-alpaca-hindi-bengali_full,hindi_bengali_finetuned,bn,WEAT2,14,0.7944843,0.0049098907,0.0,0.0,1.5391197,0.657148446405265,0.9318201882001427,11.338339,0.0,0.0,True,True,16,0.0075799734,0.89060867,0.2679165,2096,131,Enhanced_CEAT_hindi_bengali_finetuned_bn_WEAT2_layer14
Debk/gemma-2b-finetuned-alpaca-hindi-bengali_full,hindi_bengali_finetuned,bn,WEAT2,15,0.71544635,0.004844296,0.0,0.0,2.3641179,0.5790309447428729,0.8518617611744855,10.279258,0.0,0.0,True,True,16,0.011486092,0.85060537,0.33591253,2096,131,Enhanced_CEAT_hindi_bengali_finetuned_bn_WEAT2_layer15
Debk/gemma-2b-finetuned-alpaca-hindi-bengali_full,hindi_bengali_finetuned,bn,WEAT2,16,0.7260428,0.004851475,0.0,0.0,1.8165152,0.5895263616314003,0.8625592525730065,10.423782,0.0,0.0,True,True,16,0.008871025,0.87054867,0.25964367,2096,131,Enhanced_CEAT_hindi_bengali_finetuned_bn_WEAT2_layer16
Debk/gemma-2b-finetuned-alpaca-hindi-bengali_full,hindi_bengali_finetuned,bn,WEAT2,17,0.69263536,0.004824956,0.0,0.0,1.975954,0.5564925263286931,0.8287781884311336,9.971442,0.0,0.0,True,True,16,0.0095798,0.8590121,0.29725277,2096,131,Enhanced_CEAT_hindi_bengali_finetuned_bn_WEAT2_layer17
Debk/gemma-2b-finetuned-alpaca-hindi-bengali_full,hindi_bengali_finetuned,bn,WEAT6,0,0.59953743,0.016327115,0.0,0.0,0.0023154651,0.349097925915259,0.8499769384722532,4.6920385,2.704961593380517e-06,1.3524807966902586e-06,True,True,16,3.790647e-05,0.98973083,0.031353235,608,38,Enhanced_CEAT_hindi_bengali_finetuned_bn_WEAT6_layer0
Debk/gemma-2b-finetuned-alpaca-hindi-bengali_full,hindi_bengali_finetuned,bn,WEAT6,1,0.30346218,0.01580496,0.0,0.0,0.0031722742,0.057059868192734065,0.5498644868373257,2.4138367,0.015785534683348423,0.007892767341674212,True,False,16,5.0227303e-05,0.97664607,0.02879113,608,38,Enhanced_CEAT_hindi_bengali_finetuned_bn_WEAT6_layer1
Debk/gemma-2b-finetuned-alpaca-hindi-bengali_full,hindi_bengali_finetuned,bn,WEAT6,2,0.14444953,0.015665831,0.0,0.0,0.0025395455,-0.10086585649769367,0.3897649205617195,1.1540893,0.24846354672372595,0.12423177336186297,False,False,16,3.981741e-05,0.95631665,0.026588827,608,38,Enhanced_CEAT_hindi_bengali_finetuned_bn_WEAT6_layer2
Debk/gemma-2b-finetuned-alpaca-hindi-bengali_full,hindi_bengali_finetuned,bn,WEAT6,3,0.06851461,0.015634196,0.0,0.0,0.000884977,-0.1765529699852827,0.3135821856787565,0.54795563,0.5837223679590211,0.29186118397951055,False,False,16,1.383909e-05,0.94570386,0.015667215,608,38,Enhanced_CEAT_hindi_bengali_finetuned_bn_WEAT6_layer3
Debk/gemma-2b-finetuned-alpaca-hindi-bengali_full,hindi_bengali_finetuned,bn,WEAT6,4,0.009063112,0.015625231,0.0,0.0,0.0023082392,-0.23593419720518016,0.25406042044150257,0.07250436,0.9422005386076193,0.47110026930380966,False,False,16,3.6070593e-05,0.3373406,0.025980826,608,38,Enhanced_CEAT_hindi_bengali_finetuned_bn_WEAT6_layer4
Debk/gemma-2b-finetuned-alpaca-hindi-bengali_full,hindi_bengali_finetuned,bn,WEAT6,5,0.0073324526,0.015625162,0.0,0.0,0.0018430325,-0.2376643013414131,0.25232920648717744,0.05865932,0.9532234623787417,0.47661173118937084,False,False,16,2.8799628e-05,0.2714675,0.027361702,608,38,Enhanced_CEAT_hindi_bengali_finetuned_bn_WEAT6_layer5
Debk/gemma-2b-finetuned-alpaca-hindi-bengali_full,hindi_bengali_finetuned,bn,WEAT6,6,0.012946456,0.015625434,0.0,0.0,0.0034514337,-0.2320524301938233,0.25794534167270033,0.103570215,0.9175104251793118,0.4587552125896559,False,False,16,5.393654e-05,0.43581384,0.039376397,608,38,Enhanced_CEAT_hindi_bengali_finetuned_bn_WEAT6_layer6
Debk/gemma-2b-finetuned-alpaca-hindi-bengali_full,hindi_bengali_finetuned,bn,WEAT6,7,0.044386175,0.015628977,0.0,0.0,0.0042666127,-0.20064048606151458,0.28941283512109633,0.35504425,0.7225564444076349,0.36127822220381745,False,False,16,6.670809e-05,0.81599396,0.0407562,608,38,Enhanced_CEAT_hindi_bengali_finetuned_bn_WEAT6_layer7
Debk/gemma-2b-finetuned-alpaca-hindi-bengali_full,hindi_bengali_finetuned,bn,WEAT6,8,0.08616505,0.01563965,0.0,0.0,0.0048634447,-0.15894528685229697,0.3312753832163183,0.68899745,0.4908248738535894,0.2454124369267947,False,False,16,7.611728e-05,0.89874864,0.042869456,608,38,Enhanced_CEAT_hindi_bengali_finetuned_bn_WEAT6_layer8
Debk/gemma-2b-finetuned-alpaca-hindi-bengali_full,hindi_bengali_finetuned,bn,WEAT6,9,-0.016051454,0.015625663,0.0,0.0,0.005194938,-0.261052151158658,0.22894924221953483,-0.12840891,0.8978253812865562,0.4489126906432781,False,False,16,8.1174425e-05,0.5093403,0.041650787,608,38,Enhanced_CEAT_hindi_bengali_finetuned_bn_WEAT6_layer9
Debk/gemma-2b-finetuned-alpaca-hindi-bengali_full,hindi_bengali_finetuned,bn,WEAT6,10,0.073225774,0.015635801,0.0,0.0,0.010819681,-0.17185439163469904,0.318305939376589,0.58560383,0.5581417718506008,0.2790708859253004,False,False,16,0.00016931057,0.822313,0.06901099,608,38,Enhanced_CEAT_hindi_bengali_finetuned_bn_WEAT6_layer10
Debk/gemma-2b-finetuned-alpaca-hindi-bengali_full,hindi_bengali_finetuned,bn,WEAT6,11,0.0007376136,0.015625391,0.0,0.0,0.012773624,-0.24426095107923002,0.24573617826102973,0.0059008347,0.9952918424302555,0.49764592121512774,False,False,16,0.00019963403,-1.7059653,0.078118674,608,38,Enhanced_CEAT_hindi_bengali_finetuned_bn_WEAT6_layer11
Debk/gemma-2b-finetuned-alpaca-hindi-bengali_full,hindi_bengali_finetuned,bn,WEAT6,12,0.08825362,0.015640607,0.0,0.0,0.012934758,-0.15686419441687804,0.3333714289902423,0.7056766,0.48038926667703197,0.24019463333851598,False,False,16,0.00020248002,0.8387748,0.07753822,608,38,Enhanced_CEAT_hindi_bengali_finetuned_bn_WEAT6_layer12
Debk/gemma-2b-finetuned-alpaca-hindi-bengali_full,hindi_bengali_finetuned,bn,WEAT6,13,-0.049641736,0.015630106,0.0,0.0,0.009612113,-0.2946772457820683,0.19539377407853892,-0.39706904,0.6913165519763511,0.34565827598817556,False,False,16,0.00015021637,0.7531123,0.06669503,608,38,Enhanced_CEAT_hindi_bengali_finetuned_bn_WEAT6_layer13
Debk/gemma-2b-finetuned-alpaca-hindi-bengali_full,hindi_bengali_finetuned,bn,WEAT6,14,-0.06256157,0.015633073,0.0,0.0,0.014030602,-0.307620358502553,0.18249721530644702,-0.5003633,0.6168192968456228,0.3084096484228114,False,False,16,0.00021933453,0.7632855,0.083052345,608,38,Enhanced_CEAT_hindi_bengali_finetuned_bn_WEAT6_layer14
Debk/gemma-2b-finetuned-alpaca-hindi-bengali_full,hindi_bengali_finetuned,bn,WEAT6,15,0.46172944,0.0160418,0.0,0.0,0.01299935,0.21348777953716766,0.7099710946884488,3.6455326,0.00026683857560150237,0.00013341928780075119,True,True,16,0.00020963451,0.968644,0.07298562,608,38,Enhanced_CEAT_hindi_bengali_finetuned_bn_WEAT6_layer15
Debk/gemma-2b-finetuned-alpaca-hindi-bengali_full,hindi_bengali_finetuned,bn,WEAT6,16,0.5200906,0.016154435,0.0,0.0,0.035653275,0.2709789710553627,0.7692021889177818,4.091976,4.277126209850657e-05,2.1385631049253284e-05,True,True,16,0.00058242853,0.9536044,0.11416966,608,38,Enhanced_CEAT_hindi_bengali_finetuned_bn_WEAT6_layer16
Debk/gemma-2b-finetuned-alpaca-hindi-bengali_full,hindi_bengali_finetuned,bn,WEAT6,17,0.57974964,0.01628263,0.0,0.0,0.036612388,0.3296515526161859,0.8298477349890998,4.543371,5.5361637227857585e-06,2.7680818613928793e-06,True,True,16,0.00060407515,0.95761245,0.10215169,608,38,Enhanced_CEAT_hindi_bengali_finetuned_bn_WEAT6_layer17
